{"cameraMode":{"drawMode":0,"name":"Shaded","section":"Shading Mode"},"sceneLighting":true,"audioPlay":false,"sceneViewState":{"showFog":true,"showMaterialUpdate":true,"showSkybox":true,"showFlares":true,"showImageEffects":true,"showParticleSystems":true},"in2DMode":false,"pivot":{"x":12.0355224609375,"y":1.2579345703125,"z":7.23388671875},"rotation":{"x":0.007140422705560923,"y":-0.9900040626525879,"z":0.12993411719799043,"w":0.054404325783252719},"size":2.444448471069336,"orthographic":true}