{"cameraMode":{"drawMode":0,"name":"Shaded","section":"Shading Mode"},"sceneLighting":true,"audioPlay":false,"sceneViewState":{"showFog":true,"showMaterialUpdate":true,"showSkybox":true,"showFlares":true,"showImageEffects":true,"showParticleSystems":true},"in2DMode":false,"pivot":{"x":11.243489265441895,"y":1.1013820171356202,"z":9.643414497375489},"rotation":{"x":-0.10504016280174256,"y":0.8148919343948364,"z":-0.1561366617679596,"w":-0.5482146143913269},"size":5.404516220092773,"orthographic":false}