{"cameraMode":{"drawMode":0,"name":"Shaded","section":"Shading Mode"},"sceneLighting":true,"audioPlay":false,"sceneViewState":{"showFog":true,"showMaterialUpdate":true,"showSkybox":true,"showFlares":true,"showImageEffects":true,"showParticleSystems":true},"in2DMode":false,"pivot":{"x":11.25927734375,"y":0.9288330078125,"z":7.47509765625},"rotation":{"x":0.007140422705560923,"y":-0.9900040626525879,"z":0.12993411719799043,"w":0.054404325783252719},"size":2.0866732597351076,"orthographic":true}